{
    "test_loss": 0.448394775390625,
    "test_iou": 0.5573932528495789,
    "test_f1": 0.7152367830276489,
    "test_f2": 0.7285547256469727,
    "test_precision": 0.6897551417350769,
    "test_recall": 0.7359154224395752
}