{
    "test_loss": 0.4373325705528259,
    "test_iou": 0.5691971778869629,
    "test_f1": 0.724981427192688,
    "test_f2": 0.7396859526634216,
    "test_precision": 0.6921302676200867,
    "test_recall": 0.7472985982894897
}